UofL_full.key	0.770000
I2R.key	0.822000
upv_si.key	0.797000
UMND2.key	0.801000
UOY.key	0.809000
UBC-AS.key	0.790000
UofL.key	0.763000
